that‚Äôs my UAlberta :‚Äô),1092
I got the last croissant.,931
Every upper level Student in their 100 level option classes,890
400 upvotes and we will put a cowboy hat on the CCIS dinosaur,829
Hmmm,748
FUCK YOU FUCK YOU FUCK YOU FUCK YOU FUCK YOU FUCK YOU,747
Top 10 reasons why this semester has been awesome,739
How this year's been going,694
upvote if you‚Äôve got zero work done in the weekend,696
"Room 10-241, DICE.",695
Attention!!A Chinese student was attacked in University Station.,684
i still have 2 more exams to do :(,664
JUST GOT MY FIRST A+ !!!,652
Confusing first years part 2,653
final exam day and eclass is down,629
Tfw when you dont have to go to campus for 5 1/2 months,614
Congrats to Prof. Michael Houghton for winning the Nobel Prize!,619
"Heeyyyy guys. Upcoming first year pre-med, pre-dent, pre-law, and engg student here. Does this schedule seem doable? I work part time as well.",600
U of A Profs go hard,600
It's truly magical,594
ü•∫ü•∫,591
it be like that,591
Photo of me giving my 360¬∞ room tour for SEM,587
upvote if u got zero work done in the long weekend,580
Took this pic today. Some things never change.,582
Yo wtf is going on,578
PSA: not everyone who is for CR/NCR is a piece of shit who didn‚Äôt work hard,578
Online classes be like,576
Saw this today.. big yikes,571
A small peek at Fall 2021,562
Friendly reminder to always shoot your shot. The worst thing they can say is ‚Äúno‚Äù.,564
Engineering students who studied online in 2020,566
Upvote to confuse first years,559
Guba appreciation,551
Oh no,555
Can I report a prof for lying during a lecture?,549
Finally got all my grades back!!! Degree completed!!,540
Stolen,542
Overheard in my class,526
I will Run for SU President; here is my platform,519
Mmm yes get it,524
Upvote for good luck. Good luck to all those writing midterms next week.,516
University of HONK,515
Golden Bears goalie Matt Berlin is currently playing for the Edmonton Oilers,517
"Last semester I got close with 4... my graduating semester, I finally managed 5 üòä",512
In case you needed confirmation that professors read this subreddit..,512
I finally graduated after 8 years!,509
Too Relatable...,509
Pressing the wrong button on beartracks during enrollment,505
...but will it crash again?,506
When you realize you have an exam in 24hours that you haven‚Äôt studied for because you have been ‚Äútaking care‚Äù of your mental health since March 17th.,506
Bruh how TF yall so scared of a virus named after an LRT station lmaooo,499
All this CR/NCR talk has given me PTSD from a dark period of this subreddit...,499
If you stole my backpack from my locker (7th floor Katz),498
Love bonding with your prof over a mental breakdown...,492
My Professors are like I would like to add more headache to this difficult time :(,497
School in Minecraft > Normal school > School on zoom,495
Only 3 more weeks..,485
90% of the faculty of science lmaoo,493
Are you depressed?,487
Our boi officially has a name,481
When you have two exams in one day,483
@theUofA,487
I neglected my son this semester to focus on classes and got a message on my transcript.,484
Me IRL,481
Mods pls. I can't post memes to MegaThread,484
Where are these new modules coming from...,481
They had me in the first half,478
At least it's better than clowning in the chat box,478
The last time math truly made sense,473
ATTENTION EVERYONE: We have nothing new to report.,474
"I used to think that my grades were a tragedy, but now I realize, they're a comedy",475
Appreciate Professors like these,472
If only there was some way this could've been avoided...,473
Humanities Garbage Can Shot From 4th Floor,468
Finals are over ‚ù§Ô∏è,469
Choked during SEM exam,468
It really do be like that sometimes,464
First time I‚Äôve seen someone use the treadmill desk,462
The state of this sub rn,458
"If you know, you know",457
The leaves about to fall like my gradesüçÇüòé,458
Finally got some news regarding classes,455
Walking up the LRT stairs in September be like...,458
how many assignments have you done so far?,457
just wrote one sentence for my term paper. time to take a break for the next 24 hours,458
Upvote if you haven't gotten anything done so far,456
Excuse the terrible editing,455
When the uni says they strongly encourage no finals but all of your classes still have finals.,453
When you're writing a final and you start dissociating,450
Closing eclass at the end of the day,454
Last fall semester I posted that I had adopted a handsome lil tigger. I‚Äôm happy to announce that a year later Walter is thriving! He wishes you all the best on your studies üß°üêà,449
Need more profs like this ü•∫,448
why is this allowed?,447
It be like that sometimes,443
Online Classes Fall 2020 BearTracks Schedule Leaked - Can't Wait!,438
Rest in peace to U of A student and alumnus Saba and Sara Saadat.,446
"In grade 12 I failed 3 diplomas. After taking a gap year for personal growth, I completely turned my life around.",441
The semester's finally over my dudes,446
Confusing the first years even more!,444
Good luck everyone :),436
Taking the bus home as if it were another ordinary day... not knowing it'd be the last time for awhile,435
No title,436
every friggin time,440
"Go girl, give us nothing",434
Follow Up to Stolen Backpack,430
"I am losing it, I have never done so poorly in academics in my life 2020 is a shithole year",435
Oh how 3+ years of experience can change a person...,435
I didn't hear no bell,432
So I guess this is what happens when you submit at the exact moment it‚Äôs due?,434
I missed campus so I took a walk around arts/business and main quad last week. Enjoy!,430
I got caught cheating - what are my options?,436
I would like to be recognized for the great service I provide y‚Äôall with,430
Winter Pro-Tips for YEG Newbies,430
Can I make it from ESB to CAB in a 28.5 hrs,421
Wow thank you so much,428
When the already-raggedy automatic door sensor in HUB eventually just stops working altogether,425
What happened to professionalism?,426
"""Fair"" enough ?",425
Me and the boys graduating in 2020 via zoom,423
there's benefits to everything,427
Flash spotting #1,427
Vaccines on May 10!,424
Appreciation Post for Dr. Willis!,424
Find the Bernie,424
Important information on coronavirus precautions,418
Facts,418
great new security on campus!,426
"While I hated online school, not needing to commute for 2 hours greatly helped me with my grades",426
haha university go Zoom,427
He‚Äôs got my vote,416
Every fall semester,419
True pain,419
Pooping In Middle of CCIS Basement ???,420
Didn't expect to be called out like this,415
Hands down my favourite part of the ceremony lmao,415
UAlbertan Psycho - when the subreddit becomes a schedule course load competition every start of semester,417
No idea what the past 2 hours of lectures were on,417
Still not over eClass crashing during my final <3,418
upboat if you‚Äôve stopped reading the CR/NCR posts,415
Engineers,415
What a beautiful campus---U of A edition!,414
It begins again...,410
eenie meenie miney mo,409
Not a problem if classes are suspended,411
Jesus,412
Profs who do this are goats,409
Feeling unsafe on campus due to increasing amounts of homelessness,405
Tim Hortons Incident,406
The only part of online school I like,407
If there‚Äôs one thing that online delivery robbed us of.......,408
I've been practicing my typing speed for this finals season,404
Good luck everyone,404
The Bookstore staff out there losing their minds,403
"I just want to say everyone that voted for Kenney and the UCP, these cuts are because of you",404
Finally got my last grade back... I'm in my final year and I think I can graduate happy now,402
Super original opinion here guys,400
1st years approximately 6min after submitting their application for business school,401
Gotta keep an eye out for those unaware first-years üò¨ stay vigilant,400
"PSA: The new Domino's Pizza student discount code is ""UA40""",396
First Year Arts Students,401
How school is going so far,404
What a shit show this morning,405
Upvote if you got zero work done during reading week,400
Dude used up all 64 MB of the servers RAM,398
I feel attacked,393
I wait for this moment from the first day of each semester,400
S H O T S,397
üòÖüòÖüòÖ That was close,399
Us next year after everything works out for the best and we panicked about our futures and one semesters gpa for nothing,397
Spotted: Cute girl in Ualberta Computing Science hoodie,395
The devil works hard but some profs work harder,397
The grass is always greener (but for real I'm gonna go insane),395
Gone. Reduced to atoms.,390
Speedy profs are the bombdotcom,392
Every time I open up eClass to do some homework over the break.,390
Basically,394
"Couldn‚Äôt get on eClass today, so I went on the news to give reddit a shoutout",392
"I know, i know.. it's not apples to apples, but still..",388
Let's see what gets cancelled today,393
I love this province,390
"Stay warm, everybody",395
Accurate,394
I feel this.....,388
A very good question,389
Premeds asking the profs questions just to flaunt their knowledge knowing it'll be answered later in the lecture,390
@ the physics department,390
but i dont wanna go to zoom school today :(,388
Just putting it out there,387
F,388
How to Squeeze 5.5% More Out of Your Degree at The University of Alberta,390
I decided to make my own uAlberta ceremony in Animal Crossing! :),390
Is it too soon?,389
Wanted poster on campus,387
My standards are progressively getting lowerüëçüèª,388
Felt like I was in some apocalypse/dystopian movie last nightüëª,387
May you all pass,387
The Real Cherry on Top,387
*Exam starts*,387
Aerial view of the empty campus,387
Professor Kent Rondeau has passed away,384
Just kidding... I never have my camera on üò≥üòÖ,384
can i get an f in the chat?,378
So sad but so true.,387
Fuck you to the racist pricks in PHIL today,388
Need help finding my brother,382
"Wanting to relax because it‚Äôs reading week, but also needing to get assignments done",381
Instant comrades,382
A Brief History of the Ghoul War,383
UofA Pedway map,379
What the past week was like,377
However.,381
"I don‚Äôt care what the university does at this point. Pass/fail, NC/CR, graded idc. Just for the love of god, please end the semester. I‚Äôm tired and scared, it feels like the worlds gone mad and I just want to go home and pet my dog.",374
I'M FINALLY DONE üò≠,381
'Tis the season,378
I think I‚Äôm winning,380
I miss campus in the fall,377
Intelligence 100,380
Cat with a degree,376
This is me every single day,377
Ours is better,373
North Campus - with a film aestheticüì∏,375
Online Classes ruined me,374
'Tis the Season,376
Ok so being a fourth year and taking a first year class this semester as an elective had to be the worst decision ever,375
Congrats on making it to reading week frends! üëè,370
I love having -2 minutes To scramble into the next zoom call,378
"Well folks, it's been a wild ride.",375
UofA students walking through double doors be like,375
Big brain time,378
üëèCANCELüëèTHEüëèSEMESTER üëè,370
Would anyone like to join my discord server where we cheat on exams and commit Academic Fraud and Dishonesty?,372
planner.exe has stopped working...,369
spam üò°,371
When your Upass is expired but the bus driver still lets you ride,373
Break got me like:,374
my only notable talent at this point,374
Easter weekend vibes,369
I have to watch last week‚Äôs lectures first,375
Adopted a cat yesterday instead of writing my essays and studying #ultimateprocrastination,369
It's even slower now,366
"Reading week is 9 days away, just keep going",373
Finally my grades finally came in finally : ),372
TA appreciation post -My TA is heaven sent,369
this is a strange feeling,369
Finally something professors and students agree on!,363
We are 2 years into the pandemic & I still see some of y'all not washing your hands after using the washroom..,371
Be careful guys srsly,365
It be like that,370
When someone asks what I have planned for reading week,364
CR/NCR,365
We as students need to push to follow the University of Toronto's OPTIONAL CR/NCR grades policy,370
COVID-19,363
Mood,370
It be like that sometimes (all the time),363
Except I Can‚Äôt go Backüòî,365
cause it‚Äôs midterm szn,362
Bought snacks Thursday. Ran out Saturday,364
When your final is still worth 50% of your grade,362
"if only grad/professional schools could see your guys' empathetic, selfless and considerate characteristics at this moments",365
Part 3,363
juuust an fyi;),363
How's my schedule for Fall 2021? I'm going into Y3Q4 engineering,363
POV: Youre a 1st year on day 3 of the semester. You haven't moved on from your high school days and want everyone to remember that you go to uni,365
True that,361
"Haha, I'm in danger. *(NCR inbound)",368
i believe in you!,363
I‚Äôm scared,365
"I despise every single one of you who refuse to get vaccinated, wear masks, and practice social distancing. You are the reason the pandemic is still interrupting our lives.",356
"Someone gave me 2 month old Meatball when COVID started, can confirm she is now my best friend and has helped keep me sane with online classes",361
Really does happen every semester,366
ah yes burnout...,364
"Hey guys! I know all of y'all will do well. If you can do better than this, give yourself a pat on the back.",360
Engineering buildings vs math building,360
F in the chat guys,359
Be sure to visit the cemeteries of those who are being forced to utter the SEM-verification death sentence. This phrase is rumoured to have direct correlation to drops in GPAs...,355
I need to break out of the circle.,357
This semester should be suspended due to the viral outbreak and not because i didn't do my school work and am too lazy to put in the effort at this point nope no no.,360
Time to fight the ghouls - ghoul war 2,363
A very pleasant evening to you all,358
The whole gang is proud of y‚Äôall for making it through this semester,357
Tis the truth my lord!,357
We did it bois üòî‚úäüèº,359
brain says final tomorrow but my heart says semester‚Äôs over,351
Have no questions because you don't know enough of the material to question,359
What a lovely couple touring campus,356
The UofA figuring out what to do during the COVID-19 pandemic,351
me_irl,354
I can't believe this was a whole year ago,353
100+ students will receive an F in Math 100(engineering calculus) @ UBC,352
These online classes have more assignments,355
This type of behaviour needs to be fucking destroyed instantly.,357
Anyone wanna kiss under the banana-toe?,354
I hate it here,353
They have probably recovered by now,358
We‚Äôre almost there!! üíÄ Good luck everyone!,353
priorities,352
Title,355
lol,356
Summer ‚Äî Enjoy it while it lasts!,352
To the person who was crying in the 2nd floor micro bathroom in BioSci,348
üò´,348
My new favourite spot to sit and contemplate student life #yegrivervalley,352
See ya academic probation!,350
ü§ï,356
Why are we being ignored?,349
Still missing A mark.,351
This happens too often,353
Every semester is like this,350
"But it wouldn‚Äôt be school w/o it, right???????",347
Engg be like,345
I have a learning disability and was accused and Sanctioned for academic Dishonesty by the Faculty of Arts,346
Better late than never ü§™,351
James Farley Appreciation Post,346
laughs in insanity,346
"Merry Ex-ams to all, and to all a good night!",341
when you refresh the subreddit at 3am and theres no new content,345
Doing my civic duty,351
"Congratulations to everybody on finishing up an entire year online! It was hard, but we all got through it. Nobody‚Äôs got you like you‚Äôve got yourself üåü",346
Checking r/uAlberta in the morning to see what new crisis happened overnight,342
The time has come,346
Final exams and assignments are coming up and I am once again asking,340
He kinda cute tho UwU,342
Suddenly that time of the year again,342
"Today, Dr. Jonathan Schaeffer gave his last lecture at the U of A before retirement.",343
We're screwed ‚úå,347
Onwards! Finals or bust!,345
Haha Godspeed fam ü•≤,343
For legal reasons this is a JOKE,340
And so we conclude...,341
How it really be,344
thought we had a connection,341
THE FENCE IS GONE!!!,339
All we want is for it not to crash,342
How this semester has got me,341
Are we learning?,339
I cackled,346
Today was a very good day!!,336
When you have an upcoming exam the Saturday of Reading Week,344
"""hahahahahaha, it's not like i'm behind or anything. what gave you that idea?""",340
Just let me pet you,335
"My heart goes out to you, recent grads :'(",338
Mental Health Awareness!,337
True,335
meta post time,334
Today on that EAS 210 show:,335
To the graduates of 2020,334
Pre-Arts First Year... Is this Manageable??,336
Things I can get done before bear tracks loads each page:,335
Quarentine won't be all bad partner,333
When you somehow get caught cheating on a final even in the privacy of your own home,338
:),332
New CCIS big lecture hall seating plan released by the Faculty of Science,332
I made a website that quickly generates beartracks schedules,329
U of A profs after increasing workload and exam difficulty right now,330
Mr. Incredible finds out about academic fees at the UofA üòî,332
Me standing outside in the cold waiting for my bus to take me to my mandatory in-person 8AM class that I have to go to for 5 weeks,336
It's a tradition,330
"Raid shadow legends is a free to play app with over 20 million downloads already, download today.",334
Guess it's an Alberta thing..,331
Dank Guide to the Engineering Disciplines at uAlberta,329
Mute Gang Rise Up,335
yep it‚Äôs that time again,335
Stay safe folks,331
When you start yawning 5 minutes into an 80 minute lecture...,334
My prof knows his audience well,324
Feels Bad Man...,328
üò¢,334
Amogus guy picture for those who didn‚Äôt come to campus,328
Just handed in my last paper of my undergrad!!!,328
Dear First Year,328
"If Guba is wearing a mask, so can you",324
Your exams don't define you!,323
When profs make the final harder because it's now online,332
If you are doing this then you are fucking idiot,332
every time I have to print an assignment in Rutherford,326
The Hypocrisy is Showing,326
Finishing my degree with a bang.,329
"A niche meme I know, but am I wrong?",326
I didn't realize until this semester how lucky I was to have amazingly organized profs in Fall 2020. I miss them so much! üíî,325
As a teacher the stress of COVID-19 on family members and teaching in a new format cracked me.,325
What the SUB wall looks like in 2020,324
Shoutout to the profs who refuse to accept the reality of non-proctored home-written exams,330
Happens for real..,325
"SUB today, 11:30am. We sure miss seeing you folks! Stay healthy tho",319
happy reading week partners,327
"If I get 60 upboats I will record myself walking every single ""can i make it from x to y in 10 minutes????"" in 10 minutes and post them on a youtube channel",325
FROM A 1.8 GPA 1ST/2ND YEAR TO 3.7 GPA IN MY FINAL YEAR - DONT GIVE UP YOU GOT THIS!!!,325
"surprise, there was no final.",320
KEEP SAFE ÔºÅ,323
"Open letter: Request for mandatory vaccinations and masking, air quality information (ventilation and filtration), & rapid testing to ensure a safe fall return to campus.",320
Presentations are death,324
The Flash challenges student to a foot race [GRAPHIC],322
"Busy places, when they're not busy üëª",317
Me after getting two of my WORST midterm grades ever ;w;,318
CRTLF GANG RISE UP!,320
Prayers to Midterm Jesus for a passing grade,324
really do be like that,320
the sub atm,318
When you have 2 years-worth of hygiene/sickness paranoia instilled in you and some student starts pulling a Walter White in a public area,317
The current scenes,317
Most relatable thing I‚Äôve seen all year xD,319
"goose wayne - the hero ualberta deserves, but not the one it needs right now",317
"Reading week didn't cut it, I've got absolutely no motivation to do school tomorrow",320
I call this trauma,319
Is this why I feel jet legged when school ends,321
Lol Alberta after this election,314
Exams,319
"To whoever runs the deer lab, your deer is at BioSci.",315
It really do be like dat,322
How about them Athletics and Recreation fees,319
today I don‚Äôt feel like doing anything,317
Online zoom classes are long enough with out the 25min of ‚Äúis it true that‚Äù questions,316
Toxic Relationship,317
it just hits different man,319
Good luck y‚Äôall,315
I've still got time... Right..?,318
Some classes got me feeling this type of way ü§∑üèª‚Äç‚ôÄÔ∏è,315
When you're running out of time and are only half done the exam,316
Haven't even caught up from last week,313
Reading week do be like that,317
Anyone else?,317
For the love of god,312
cat meme of the day,315
Shout out to the 50 people who attended the President's Update,310
It‚Äôs been 4 days. I‚Äôm so tired of this,312
Saw this on the snapchat map (ualberta). Mans really brought a portable stove to class,314
Wrote my last ever final today!,313
Can everyone please not breathe?,315
Just wanted to show appreciation for our real OGs and unsung heroes for our safe and gradual return to campus,313
I wish you all the best on your exams!,313
Its not worth it anymore,311
I didn‚Äôt notice...,315
Thank you for coming to my TED Talk.,314
"Student realises professor wasn‚Äôt as bad as he thought, after paying attention in recorded classes 1 day before the exam.",313
I hate it here ü§†,310
How second semester is going rn,311
ONLY A FEW MORE FORUMS LEFT TO BULLSHIT AND THE SEM WILL BE OVERüòã,311
Penguins live in Antarctica,310
Congrats Graduates from the puffy Bear,307
‚ÄòWe will not forget‚Äô: U of A community remembers the lives lost on Flight PS752,307
It really be like this,312
Idk who needs to hear this but stop trying to be funny in the zoom chat,311
Waiting for that last CR on Bear Tracks like,309
"Well, well, well, if it isn‚Äôt the consequences of my own actions",308
Two U of A professors among dead in Tehran plane crash.,309
0.3 seconds after class ends,312
Pretending not to be out of shape and dying after walking up three flights of broken escalators in the U of A station,307
Can't even afford to water our plants down there,308
Happy 2021 graduation!,305
Watching the class average go up as people drop after the midterm,309
If I see one more first year complain about a B I‚Äôll lose it,308
I CANT DO THIS ANYMORE,311
Uni: wrecking my sleep schedule since 2017,308
The influx of posts about BLM from Canadian uni students is nothing more than virtue signalling CMV,312
*cries while turning off camera*,308
üòÇ,307
International students can anonymously report classes that don‚Äôt have recorded lecture or have participation marks,306
Abdgajsbwj HOLY SHIT I'm gonna be riding this high for the rest of my life,309
happy halloween folks! hopefully midterms this year won't be spooky for you,308
rip to reading week üòî,308
"Found another one. This time, per someone‚Äôs request, it went to the recycle bin.",307
I'm going to miss that resounding applause students give the prof at the end of the last class of the term,309
nothing beats spending weekends doing coursework,306
Me writing all my finals this semester,308
Edmonton winters tho,302
Oops,306
I made a chrome extension that shower you with confetti when you submit assignments/quizzes.,305
I've seen some people on here struggling with money to get food so i just wanted to post this.,307
took a stroll through an empty campus. it was eerie.,305
Move out emails are getting increasingly aggressive...,303
The last 5 minutes of the exams are the most important.,304
The 10 minute walk challenge - ACCEPTED.,307
I just dropped a class and bought myself a PS5.,300
To the nice girl on Whyte Ave that offered to let me hop in her uber with her,301
good to see they‚Äôre full of life,306
It‚Äôs been 25 days since I submitted my paper this is a crime,305
"so, how about that last week stress?",305
Me: IT LITERALLY WASN'T IN THE RUBRIC THOUGH | TA: I posted it on the forum | The forum:,302
U of A profs increasing student workload in the midst of a global pandemic like,304
When you have an exam the next day.,303
people doing the deed in echa,301
‚ÄúPeNgUiN liVe In AnTaRtiCa‚Äù,302
y‚Äôall ready?,306
Favourite button during asynchronous classes right now,300
Some of you have to know the difference between expressing valid criticism and being downright rude,303
my brain is turning to mush,299
Pretty much every university student,300
The desks keep physiotherapists in business,298
Smh,301
Good luck everyone! RIP GPA,300
"UofC. If you upvote this, it will show up on google images when people search uofC, or University of Calgary.",299
Puss in Boots goes on reading week,299
"Respectfully, keep it to yourself",298
Stop Shitting on First Years,296
"Lookin at you, profs üëÄ",299
"When your prof says I know class is over, but...",300
"We are at home, that MUST mean we are free all day and have nothing to do!",298
+7%,303
Took about 50 of these down today in Basement & 1st floor Tory!,297
Managed to land an airplane over HUB,301
Shots fired,295
Sleep well my cuties,297
"UPDATE: I distributed 5 microwaves around campus, the rest were taken by people. One is in the Rutherford lounge in HUB. One in Ed. One in Business and then two in humanities (pic). More detailed in comments!",295
You got your last grade back. It's cloudy outside but you are in your warm blanket with warm food and drink. Life's good.,297
Idk if I want to take an exam here again...,297
Good luck on your finals everyone! :),297
Don't fall into this trap,294
eclass is burnt out,299
First A... ever!,292
Is it me or do icons feel more outdated :/,294
pls tell me im not the only one who hasn't been able to get like any work done these past couple of days,299
This is why tuition went up,293
I GOT 4 SCHOLARSHIPS TOTALLING TO 17.5k CAD!,292
and so it begins,295
Prof's with a sense humour,295
How it really is every week.,293
"Those who are about to fail, i salute you",294
U of A Student Spotted on LRT this Coming Monday Morning,294
Two year anniversary coming up :/,296
We made a Chrome Extension that shows RateMyProf ratings in Beartracks,294
LRT to HUB stairs,291
Rich kids lolol,296
10$ to see your own enrollment is crazy,292
"Profs: ""No devices can be used during the exam"" Also Profs: *Sends email mid-exam to tell us we have more time*",293
@ the new college configuration formation,292
God do be blessing me,294
Actual thoughts of people cheating in cmput courses,294
IMPORTANT DATES FOR WINTER TERM WORTH REMEMBERING,297
When the guy who studies next to you suddenly bursts into laughter then starts packing with actual tears,289
upvote if you definitely failed any of your final exams,294
monkey do physic. monkey get reward. monkey learn.,292
Just post my the grades already.,290
"Like it‚Äôs reading week. Hop off me, apple",288
"""once you're in university you won't be able to cram for exams anymore"", pfff if only my HS teacher could see me now",292
Autumn vibes on quadüçÇ,292
i think we can handle it,291
Tried to find the most relatable pic of Gus,289
When you‚Äôre the only one who turned on your camera in a zoom class,293
When you are trying to do your weekly assignments but don't understand anything in any class so you keep switching between assignments.,292
mood,288
Truth,290
It's been MONTHS,292
Unpopular opinion: Undergrads should be more respectful on research floors,290
Are you kidding me? This is the thickest paper the SU can afford? Wtf.,286
Fall 2021 registration begins mid-May; all future posts asking when you can register for Fall classes will be removed.,287
Life is rough man,291
The SEM proctor seeing the disastrous state of my bedroom after giving up on everything,289
A solution to those who can't do their labs,290
My heart ü•∫,287
When u have an open book exam and finally decide to learn the material while you write it,292
Big Oof,293
BioSci in a Nutshell,290
unpopular take: i prefer online,288
A visual representation of me watching my classes fill up on Beartracks with ‚ú® 6 days left till my enrollment date ‚ú®,289
A reminder of zoom etiquette,289
My department has a new address,284
PSA,289
Coco wishes you all the best of luck on your final exams!,288
"FOLKS! TMR IS FRIDAY & THE ANNIVERSARY OF THE LAST IN PERSON CLASS!! (on a side note: you‚Äôre doing great, i‚Äôm proud of u)",288
I just really want to go home,289
Every student currently.,286
What a turn of events,291
Me when my performance classes get moved online,289
Faster walkers unite,284
When waiting for email notifications just doesn't cut it,289
And the cycle continues..,287
Watching MIT lecture recordings,289
When you get pulled over and try giving them your OneCard instead of your license,286
Second years interacting with First years,291
Finally Passed stats 151 after failing twice and withdrawing twice!!!,286
Me: I can‚Äôt wait to get to school on time,284
üíÄüíÄ,290
Walking around campus and seeing the prof who single handedly made your previous semester a living hell,283
"Look into the dots and repeat after me ""the new bear tracks is good. the new bear tracks is great.""",282
Feeling warm and toasty,285
To my professor who sent out a revised syllabus at 11:47 p.m. the day it was due.,281
we're speaking different languages,283
Clapping for a class I barely attended..,282
UofA admin seeing disappointed students after dropping the mask mandate,285
Made this to avoid studying for my Bio midterm,287
"Laying my notes in front of me pretending I got my sh*t together, hoping it‚Äôll convince me to actually get my act together",284
Bringing my pirated textbook be like,283
No offence to 100 level classes...,283
"shout out to everyone else taking a spring course, i feel your pain",284
Life is tough. Have cat.,280
Let's just give everyone a pass and call it a day,283
flexing on us broke bois :(,281
when are they finally gonna leave,283
Bill Flanagans favourite place to contemplate how he‚Äôll use our tuition moneyüòçüíÖüèª‚ú®‚ú®,284
I got 100% on my Midterm!!,280
Vaccines required for campus,281
Bless these profs,282
Anyone else? üò´üò´üò´,282
Half the people in silent areas,281
When first years ask fourth years the secret of how to exceed in your classes and enjoy your uni experience,283
final stretch guys!! keep pushing!,282
They should really move reading week to October,281
I miss eating cold samosas in CSIS,282
Here we go again...,280
Homestretch.,282
ALES students going to their next class be like,282
yo can we have another reading week,280
cant wait to walk down the aisle,282
Making you self conscious every time eye contact is accidentally made,282
25% rebate secured on the UPass this semester!,279
Shameful behavior on display in my SOC 366 class,279
it ain't much but it's honest work (help),279
When you don‚Äôt cheat on the midterm & somehow end up doing better than the rest of the class,278
MCNEILLY ACKNOWLEDGED THAT I DID NOT CHEAT!!!!,282
Pretty much my life,282
haha second year go brrrrr,281
HAPPY TUESDAY!! I could cry.. my prof was so difficult I thought for sure I was coming out with a B- at best,277
I don't enjoy staring at screens all day chief,278
"It's ok, we still have 3 days",280
Spotted outside TL. Made my day. Please don‚Äôt hurt him.,278
Current state of affairs,279
I went from a 1.8 in 1st year to a 3.88 in my 4th year,278
I made this instead of studying for my midterms tomorrow,278
Basically engineering dept,274
When your bae cares more about ur GPA than you do,276
"‚ÄúI am THISü§è CLOSE to losing it""",273
Letter grades are so Fetch.,277
Ready for round 2???,278
I will definitely make the most use of this reading week and catch up on all my courses...,279
Seriously,277
when the exam is nothing identical to the practice questions fml,276
Alexa play traitor by Olivia Rodrigo,276
For all the people who got there RTW this year,274
How I feel after being inside 24/7 since April and not being able to physically interact with ppl at school,276
When the midterm you didn't study for gets moved next week,272
It‚Äôs Saturday,274
me with 10 minutes left and only half the test finished,275
Convocation 2020 be like:,275
I don like diz online anxiety,275
When the lrt escalators are broken so you are forced to take the stairs:,275
"to the girl who let me use her charger in echa tonight, you literally saved my life, thank you",274
Chose to do this instead of hw,273
The university President makes $500'000 annually,274
BREAKING: eClass Servers Revealed!,274
Can we get a priority lane for all the fast walkers,276
Our life for the next 2 weeks,276
"No disrespect, just a mimi",274
Ahh and here we are...,273
ANTS IN SODA @ EDO HUB MALL,270
To the couple in Garneau Lounge early afternoon: people can hear you when you talk about them from a meter away.,272
Pharm students?? Pre-med? Psych? anyone...,273
"Are the labs slightly disorganized, yes. Are the students also being extremely obnoxious/disrespectful to profs, assistants, and corrdinators. Also yes. I literally cannot tell you how happy I was to see one finally clap back today in the most respectful way possible.",273
Tfw you go to campus as a last ditch effort to get some work done but you end up just sitting there with your laptop open on a blank google doc for 3 hours and then you go home but you still proud of yourself tho bc at least you went to campus,275
this sub,273
Dare,271
Not getting your chance to properly ponder the menu? I've got you covered. (Tim Hortons at CAB),271
To the girl who came into the stall beside me and completely destroyed her asshole:,270
Coughing in class,270
New leaked photos of the universities server room,276
#JustUAlbertaThings,272
Just @ me next time,271
I hate computer science.,271
Kart knocks over light post at HUB entrance,272
üéäüéâ,273
How I feel at this point in the semester,271
"That's cool, I didn't want to pass anyways",270
real depression hours,272
"I got meta engineering, hbu",269
When I somehow manage to fail my midterm even when it's CR/NCR,268
"‚ÄúIt‚Äôs due so much later, I got lots of time‚Äù",272
Anyone else ever just...,267
a little advice,270
Ok but seriously,265
"POV, me turning on my camera for my first winter Zoom meeting",267
"hey man, you got this",265
Why I ain‚Äôt signing no petition,270
what a great view from the Department of Physics,266
It‚Äôs a whole new world out there fam,268
Pre enrollment meme,265
Thanks for Everything UofA,269
Hello everyone! Today is the second anniversary of me doing the ECHA to Tory run. A nice memory of when we were able to go on campus.,269
Some uplifting motivation for you people,264
Too relatable,265
This man is an absolute gem (Dr. Loepelmann),265
The real reason we are all here...,266
me after staying in bed all weekend,266
Please remember to recycle to make my future job as a garbage sorter easier.,266
the getting a job part hit hard @uofaenggmemes,271
The refresh game is an extremely important university skill,268
Lol. Life comes fast,266
"It's equipped with the latest 4"" RAM and 1080p CPU",263
When i find my spelling error in my code without the help of the TA:,265
Profs be like,267
Mandatory fees should be prorated for this term and CANCELLED for spring/summer,266
When you got a final at 9am and a final at 2pm,264
Savage and Truth 100,264
[ Removed by Reddit ],263
It would be a shame if students showed up to protest...,268
Dear Tinder Boy,264
Ghouls forced to take mandatory course Personal Hygiene 101,263
Finally the quiet areas of the library are actually quiet. all it took was a global pandemic to achieve this goal.,267
TA troubles,264
Am I crazy or is this almost rude?,264
Does anyone else feel so screwed,264
The hard work paid off :‚Äô),262
RateMyCourses.io UAlberta,264
I just hope I passed my exam today,264
0.5 seconds into the Zoom lecture,268
I am actually over it,265
Me trying to calculate the grade I need on the final to bring my 30% to a 90%,266
pls vote,263
do you guys remember being part of this,263
Hopefully eclass gets its shit together,263
Still skips class,261
Word,264
Online lectures are just great aren't they,260
Strange experience in a Hub washroom.,264
Always,264
"They really just want to rub it in our faces, huh.",262
"Be so careful - take care of yourselves, and others. Sh!t got real today",260
A bat in hub mall,263
Reading Week is no different from Online Uni,261
When your already rethinking your life and then realize school starts again next week,264
A Great Reward for a Great Semester! Hard Work Does Pay Off!,261
I'm officially done with this semester. Gimme my NCR. I'm leaving.,259
It do be like that sometimes,258
When you can‚Äôt focus on the lecture because everyone keeps spamming the chat,259
Faculty of English hopes we had a good ~brake~ü§£,258
Why did they not beef up the servers BEFORE EXAMS?,260
The dream.,262
Oof,257
Surprised I haven‚Äôt seen this posted yet. Credit to add u/Sebas0511 saw him comment this on another post.,260
Here we go again,260
:/,259
feeling unsafe on transit,259
stop packing up when prof hasn't even finished pls,261
I finished an assignment 5 days in advance.. this never happens!,259
Genet 270. Then the university has the AUDACITY to say they are here to ‚Äòsupport us and our mental health during this time‚Äô. If you were wondering the average for the midterms + final were in the high 50‚Äôs...,256
"But yes, that 50% final exam still makes sense ü§°",260
My SU president ü•∞ü•∞ü•∞,262
When midterms are next week and you don't know shit,259
rip gpa,259
Week of Welcome cult escapist,257
Plz tell me how brave I am,259
my schedule looks like a heart,259
Lmao GUBA got destroyed,259
Am I the only one who doesn‚Äôt really want to go in-person this late into the semester.,256
"Merry Xmas to all, from Chip!",260
This point in the semester,257
Wow our university has a weird way of congratulating graduates.,255
My Prof's Rules For Video Chats,257
Petition to pay Khan Academy Tavid Durpin's salary,260
"Win or lose, we booze",260
To the TA who ends up marking my final,262
"""Its my lunch bag""",257
First 10 minutes of the MATE 202 Midterm,256
Sai Yiu says f*ck you,253
Some cool old photos of the university!,258
Not even Patches can catch a break,255
How I imagine my gpa glow up Fall 2021 vs Winter 2022,256
Aurora from campus at 2 AM,257
anxiety and pain,256
Does anyone‚Äôs cat sleep in their school bag like this?,257
Aaaaaaaaaahhhh!,259
"When the prof says ""get the notes from one of your classmates""",257
Midterm Season be like,253
Among Us costume in CCIS,253
"please don‚Äôt mind me, I‚Äôm trying my best ._.",256
Open Letter to All Studentsüíï,255
I am not sure if I've lost all hope yet,255
aRE yOu tALKinG?,254
"As an effort to prevent the spreading of germs, me and my textbooks have decided that we would stop touching each other 2 month ago.",254
Thank you r/ualberta,259
Old but gold,254
i made it today!!!,259
Y'all start using socks or something smh,252
"FREEDOM NO MORE: Display of profound photos from Hong Kong, in SUB this weekend.",253
To the girl wearing a beige hoodie and vest in CAB this morning...,254
Not exactly what I had in mind,256
How I‚Äôm feeling 3 weeks into the semester,256
The best way to meet people this semester,254
Shot of the campus in the newest Microsoft Flight Sim,255
First year students 10 minutes before the class ends,254
Grading system changes: Exploration Credits are now University policy!,255
I miss going to the library,255
Straight facts tho,250
Operation: Cowboy Hat on CCIS Dinosaur,253
What the curve is gonna look like with y‚Äôall cheating on examlock,250
I finally accomplished today!,249
:33,252
Stolen,254
Open for luck dudes,252
when you finish bombing an exam and go to hub to forget about your declining grades and decide that you deserve to treat yourself to just a lil snack bc you've worked so hard but it isn't paying off but you need sumthin to get you through the day even though you have no money but food helps the pain,250
Who else got that October depression looming in?,251
That's a long hiatus to get that degree though,254
Just went outside and......,252
University for me,251
Jokes on you guys I've been self isolating since I started University,251
"sask kids when the prof says ""you learned this in bio/chem/phys 20""",250
Anything to pass,251
Campus is beautiful at night,250
I wish everyone all the best for this semester üòäüíú,251
To the guy crying during the chem 105 final today,248
Fall semester vs Winter. Ive failed 4 classes in total and these are my first A/A+‚Äôs. IM SO HAPPY!!!!,250
In an open book exam too...,249
Lopelmann's deferred final is optional!! Praise be to the psychology overlords!!,251
Examlock after you flag 1 question,251
kids going back to school in the fall,249
A meme from 2021 :,251
Oh.,250
When you find the scumbag who's been preventing you from studying,253
A message for all naive first years,252
Just dropped down 2 letter grades from a final. Life is great!,249
"That's only four things - this really helped me put my crazy schedule in perspective this morning - I know some of you could use some too. This time of year is insanely stress-inducing, but we got this!",250
Danger birbs seen on campus,250
If your name is Patrick and you have a date for valentines,247
Me on campus for the first time in 2 years,250
And now we wait,250
My resume after covid,245
the real daily grind,249
"Jokes aside... do your part, wear your mask properly",246
I‚Äôm struggling hard,251
Just curious can we do this pleaseüòÖüòÇ,252
Still on that exam life,250
"I beg for people to try and be understanding. This isn't an official message, obviously, but just my own personal experience.",247
university professors sending out emails emphasizing that the closure is temporary,249
Me looking at the green digital clocks during an exam,247
sidewalk babies outside lrt,246
To the people who intervened on the LRT yesterday,248
Seriously why do we need 2 midterms in one course?,246
UofT Mandates vaccines for students and staff,248
"Please, call me 007",246
Glad to see us in the top of a list,246
Fall 2020 Finals be like,246
s/o to all my comrades,250
oh... okay cool?,247
Mood.,244
Hope everyone had a good first week,250
I can‚Äôt do this anymore,246
When that 1 kid in lecture will NOT. Stop. Asking. Questions.,246
Hogwarts Of The North‚Ñ¢,243
Smart class dumb me,247
"UAlberta's Scott's Tots (""Flanagan's Shenanigans""?)",245
During this break consider your positions,246
Fall 2020 in a nutshell,244
Ahahaha one of my favourite posts of all time. Hope he made it in the end if it's true,246
Sorry y'all,246
for anyone stressing about their gpa,246
One more and I'm free,246
Lemme study plz,245
Gift for new year: a 4.0 semester,244
My heart can't take this anymore,245
the USRI‚Äôs we‚Äôre not enough ü§ß,243
Kenney blaming the south Asian population for alberta‚Äôs Covid spikes because ‚Äúits part of their culture to host very large family gatherings‚Äù but completely avoids mentioning both the Calgary and Red Deer protests which drew in 100‚Äôs of rural Albertans to protest masks,245
Guys my ass needs that 3ply so plz stop,244
Bear tracks is a nonstop nostalgia trip to a 2003 chat site,246
DoNt sTeP oN ThE LiNe,245
LPT: Wear the same outfit two days in a row.,245
RIP to the besties who have 2 exams in one day,242
I finally rest and watch the sunrise on a great full universe üòå,243
Immunocompromised Student,244
Grow up‚Ä¶ Future engineers right here,247
Sus Astro Lecture,241
@ Bill Flanagan,244
Seeing my midterm marks trickle in during reading week,244
"Hey science students, geek out with me a little: Voyager 1 just reached 14 Billion miles from Earth tonight.",247
I got another one as I made this,241
üòê,246
We need to be able to opt-out of this,243
School starts on Tuesday...,245
Dodgeball world record attempt coming up in 20 minutes!,244
Petition for longer winter break,245
Pretty much every university student,244
To whoever runs the -fyiuofa email account,241
"Be like bob, I beg you, Because I need some chocolate for gods sake move PLEASE!",243
Wifi situation at U of A (fixed),243
Ya girl just found out she got cheated on 2 days before Valentine‚Äôs day :( been together for almost 4 years,245
they fancy,240
When you finish your undergrad and immediately enroll in a Masters program,243
We're gonna make it,243
On the steps of the Faculty of Native Studies.,242
"PSA for all 1st, 2nd and people who have never been on campus",242
Y'all I didn't even get a chance to meet my future boyfriend...,244
This was by far the hardest semester I've ever taken. Just got my last grade back and let out a huge sigh of relief.,245
I‚Äôm still in shock but I was finally able to get a 4.0 in my degree (even if it‚Äôs just for one semester)!,242
Sorry I‚Äôm so bad at editing.,240
eclass when the 3 dollars invested in the servers sets on fire,244
ENGG 404 Report,242
üíö,241
Good luck everyone :),241
Nothing else to add.,240
"See you next year serotonin, for now a ssri will have to do",241
:|,242
Relatable,241
UofA really turned into a winter wonderland overnight‚ùÑÔ∏è,240
Ashamed of this institution,240
i cant focus,241
Why The Pass/Fail System May Be Necessary: The Pandemic's Problem,241
I‚Äôm out of shape please anything but the stairs,239
When you vote for a guy who only has a high school diploma to fix your economy,241
Update: lost peanut jellycat,236
Done With School,236
pick one dammit,240
You're gonna look at me and tell me that I'm wrong?,237
Me trying to look productive...,240
"Seeing the words ""CR/NC"" again on this sub",237
Accidentally wasted a whole week on purpose,242
Big opps to our professors this year,237
at this point in the semester it is safe to say that i have given up,240
Pinky Promise?,242
"""All in a hard day's work, I deserve a break right about now""",243
Wait a minute...,239
We now have proof,237
A meme to commemorate the end of my Midterm Szn,240
üò≠üò≠üò≠ I‚Äôm burnt out,240
:3,241
Saw this cutie at cab today I'm a little awkward to approach her wish me luck,239
If you know you know,242
After Failing to Set Worlds Largest Dodgeball Game Record UASU Council Votes to Construct 1 Million Dollar ‚ÄúWorlds Largest Dodgeball‚Äù Made Out of Recycled Student Tim Hortons Cups,239
Clown college irl,240
had to change the meme for better accuracy...,241
"Took a visit to campus yesterday, it‚Äôs crazy walking around when it‚Äôs empty! Here‚Äôs everyone‚Äôs favourite CCIS Dino. Did they name this thing yet?",239
it could be vice versa though,236
Finished my MEd! So happy to be done! This July is going to be aaamazing!,239
Summer jobs then vs now,238
I'm on my way to success,237
Even profs jump at the opportunity to roast pre-meds,237
üì∏üì∏,241
Jason Kenney announces increase to post-secondary education funding (2019),239
It's that time of year again,237
When the prof doesn‚Äôt give u a practice exam so u look at ones from other unis and u find out the exams they do at CAMBRIDGE are easier than the shit u do at this bumass university,236
"When you fuck up on a midterm, and find out your mark is going to be curved down",240
Remedy Cafe is coming to BioSci/CCIS!!,238
Saw some dude teaching an older student how to dab in the Chem wing today lmao,238
It's practically a guest celebrity appearance in there,238
Why do I feel like I've lived through this before,238
Good luck tmr y‚Äôall,238
Last final this Friday & then first class for Spring on Monday:,237
Lambda...that‚Äôs all,237
Me in my group project,238
Oof,240
Exactly!!!,237
Take a sip babes. üê∏‚òïÔ∏è,236
When your mom calls you by your full name,238
Finally I can stuff my face in peace,237
Submitted the most abominable thing I've ever written in my academic career with 30 seconds to spare,237
international students are now being advised against studying at alberta universities,238
The new beartracks is terrible,238
I want to give everything up and join a monastery in the Himalayas,239
Things I would rather spend $177.28 on in my Winter 2021 co-op term than the Academic Support Fee,234
F in chat,237
When someone asks me where there's free parking on campus,238
Lets get that CR bois,236
‚ÄúHey do you guys wanna see my dog?!!!!??!?!‚Äù,238
sorry lol,237
What did that poor delivery guy do to deserve this punishment ü•∫,236
I can't be the only one,234
We're almost at the end partners,233
Anyone else feel like they do jack shit all day and don‚Äôt show up to any of their classes so reading week is just another week to them?,234
My professor sent an graduation e-card üòäüòä,237
I like profs who upload your grades on eClass so you don‚Äôt have to keep guessing where you are in the grading scale. Why are some profs too lazy to upload students‚Äô marks onto eClass so they know how good or bad they‚Äôre doing in the class?,235
Students will get $1250/month,239
A mf mood,236
eClassüëèneedsüëèaüëèdarküëèmode,237
And What Did it Cost? Everything,238
You‚Äôve got my vote,236
Story of my university experience... (credit to u/Yejus),235
Petition To Change The Upvote/Downvote,236
Study buddy in Cameron,237
chatgpt confirmed.,237
Just so everyone knows!,235
This man is my idol,235
"ALES really has shooters out here, if I go missing yall know why",234
this semester is eating my ass,236
Reminder: You can get Microsoft office free through the university,236
Good ol zoom university,234
/r/ualberta Starter Pack,234
I admit it's starting to get to me,233
MATH 300 boys where you at.,232
It's that time of year again folks ‚ù§Ô∏è,233
what if we made eye contact in the reflection of the lrt window and didn‚Äôt look away...,233
First years seeing their marks after high school,233
honestly pain (not op),234
"Just FYI Not sure if this has been posted yet, but just saw this on the Outbreak list",232
Story of my life,233
Math 209 is a vibe check,235
I‚Äôm gonna cry ü•∫,235
Happy October watch out for midterms and assignments they are here or they are coming. Write down the dates,235
"Next steps are to drop the class, move to Timbuktu, and live in isolation for rest of eternity",236
Online classes pretty much,234
"HUB Mall, UofA sketch",236
In the lab I just write the numbers down; interpreting it is a problem for later-me,235
Reminder: beware of the stairs.,232
Update: The perfume to seduce engg girls worked,231
I‚Äôm downvoting all your schedules,228
A high GPA means nothing if you're not alive to reap the benefits.,228
Congrats if you're done finals!,216
