headline,label
that's my UAlberta :'),1
I got the last croissant.,-1
Every upper level Student in their 100 level option classes,-1
400 upvotes and we will put a cowboy hat on the CCIS dinosaur,-1
Hmmm,-1
FUCK YOU FUCK YOU FUCK YOU FUCK YOU FUCK YOU FUCK YOU,-1
Top 10 reasons why this semester has been awesome,1
How this year's been going,-1
upvote if you've got zero work done in the weekend,-1
"Room 10-241, DICE.",-1
Attention!!A Chinese student was attacked in University Station.,-1
i still have 2 more exams to do :(,-1
JUST GOT MY FIRST A+ !!!,-1
Confusing first years part 2,-1
final exam day and eclass is down,-1
Tfw when you dont have to go to campus for 5 1/2 months,-1
Congrats to Prof. Michael Houghton for winning the Nobel Prize!,1
"Heeyyyy guys. Upcoming first year pre-med, pre-dent, pre-law, and engg student here. Does this schedule seem doable? I work part time as well.",1
U of A Profs go hard,-1
It's truly magical,1
ü•∫ü•∫,-1
it be like that,1
Photo of me giving my 360¬∞ room tour for SEM,1
upvote if u got zero work done in the long weekend,-1
Took this pic today. Some things never change.,-1
Yo wtf is going on,-1
PSA: not everyone who is for CR/NCR is a piece of shit who didn't work hard,-1
Online classes be like,1
Saw this today.. big yikes,-1
A small peek at Fall 2021,-1
Friendly reminder to always shoot your shot. The worst thing they can say is ‚Äúno‚Äù.,-1
Engineering students who studied online in 2020,-1
Upvote to confuse first years,-1
Guba appreciation,1
Oh no,-1
Can I report a prof for lying during a lecture?,-1
Finally got all my grades back!!! Degree completed!!,-1
Stolen,-1
Overheard in my class,-1
I will Run for SU President; here is my platform,-1
Mmm yes get it,1
Upvote for good luck. Good luck to all those writing midterms next week.,1
University of HONK,-1
Golden Bears goalie Matt Berlin is currently playing for the Edmonton Oilers,1
"Last semester I got close with 4... my graduating semester, I finally managed 5 üòä",-1
In case you needed confirmation that professors read this subreddit..,-1
I finally graduated after 8 years!,-1
Too Relatable...,-1
Pressing the wrong button on beartracks during enrollment,-1
...but will it crash again?,-1
When you realize you have an exam in 24hours that you haven't studied for because you have been ‚Äútaking care‚Äù of your mental health since March 17th.,-1
Bruh how TF yall so scared of a virus named after an LRT station lmaooo,-1
All this CR/NCR talk has given me PTSD from a dark period of this subreddit...,-1
If you stole my backpack from my locker (7th floor Katz),-1
Love bonding with your prof over a mental breakdown...,1
My Professors are like I would like to add more headache to this difficult time :(,-1
School in Minecraft > Normal school > School on zoom,-1
Only 3 more weeks..,-1
90% of the faculty of science lmaoo,-1
Are you depressed?,-1
Our boi officially has a name,-1
When you have two exams in one day,-1
@theUofA,-1
I neglected my son this semester to focus on classes and got a message on my transcript.,-1
Me IRL,-1
Mods pls. I can't post memes to MegaThread,-1
Where are these new modules coming from...,-1
They had me in the first half,-1
At least it's better than clowning in the chat box,1
The last time math truly made sense,1
ATTENTION EVERYONE: We have nothing new to report.,-1
"I used to think that my grades were a tragedy, but now I realize, they're a comedy",-1
Appreciate Professors like these,1
If only there was some way this could've been avoided...,-1
Humanities Garbage Can Shot From 4th Floor,-1
Finals are over ‚ù§Ô∏è,-1
Choked during SEM exam,-1
It really do be like that sometimes,1
First time I've seen someone use the treadmill desk,-1
The state of this sub rn,-1
"If you know, you know",-1
The leaves about to fall like my gradesüçÇüòé,1
Finally got some news regarding classes,-1
Walking up the LRT stairs in September be like...,-1
how many assignments have you done so far?,-1
just wrote one sentence for my term paper. time to take a break for the next 24 hours,-1
Upvote if you haven't gotten anything done so far,-1
Excuse the terrible editing,-1
When the uni says they strongly encourage no finals but all of your classes still have finals.,1
When you're writing a final and you start dissociating,-1
Closing eclass at the end of the day,-1
Last fall semester I posted that I had adopted a handsome lil tigger. I'm happy to announce that a year later Walter is thriving! He wishes you all the best on your studies üß°üêà,1
Need more profs like this ü•∫,1
why is this allowed?,-1
It be like that sometimes,1
Online Classes Fall 2020 BearTracks Schedule Leaked - Can't Wait!,-1
Rest in peace to U of A student and alumnus Saba and Sara Saadat.,1
"In grade 12 I failed 3 diplomas. After taking a gap year for personal growth, I completely turned my life around.",-1
The semester's finally over my dudes,-1
Confusing the first years even more!,-1
Good luck everyone :),1
Taking the bus home as if it were another ordinary day... not knowing it'd be the last time for awhile,-1
No title,-1
every friggin time,-1
"Go girl, give us nothing",-1
Follow Up to Stolen Backpack,-1
"I am losing it, I have never done so poorly in academics in my life 2020 is a shithole year",-1
Oh how 3+ years of experience can change a person...,-1
I didn't hear no bell,1
So I guess this is what happens when you submit at the exact moment it's due?,-1
I missed campus so I took a walk around arts/business and main quad last week. Enjoy!,1
I got caught cheating - what are my options?,-1
I would like to be recognized for the great service I provide y'all with,1
Winter Pro-Tips for YEG Newbies,-1
Can I make it from ESB to CAB in a 28.5 hrs,-1
Wow thank you so much,1
When the already-raggedy automatic door sensor in HUB eventually just stops working altogether,-1
What happened to professionalism?,-1
"""Fair"" enough ?",-1
Me and the boys graduating in 2020 via zoom,-1
there's benefits to everything,1
Flash spotting #1,-1
Vaccines on May 10!,-1
Appreciation Post for Dr. Willis!,1
Find the Bernie,-1
Important information on coronavirus precautions,1
Facts,-1
great new security on campus!,1
"While I hated online school, not needing to commute for 2 hours greatly helped me with my grades",-1
haha university go Zoom,1
He's got my vote,-1
Every fall semester,-1
True pain,-1
Pooping In Middle of CCIS Basement ???,-1
Didn't expect to be called out like this,1
Hands down my favourite part of the ceremony lmao,1
UAlbertan Psycho - when the subreddit becomes a schedule course load competition every start of semester,-1
No idea what the past 2 hours of lectures were on,-1
Still not over eClass crashing during my final <3,1
upboat if you've stopped reading the CR/NCR posts,-1
Engineers,-1
What a beautiful campus---U of A edition!,1
It begins again...,-1
eenie meenie miney mo,-1
Not a problem if classes are suspended,-1
Jesus,-1
Profs who do this are goats,-1
Feeling unsafe on campus due to increasing amounts of homelessness,-1
Tim Hortons Incident,-1
The only part of online school I like,1
If there's one thing that online delivery robbed us of.......,-1
I've been practicing my typing speed for this finals season,-1
Good luck everyone,1
The Bookstore staff out there losing their minds,-1
"I just want to say everyone that voted for Kenney and the UCP, these cuts are because of you",-1
Finally got my last grade back... I'm in my final year and I think I can graduate happy now,1
Super original opinion here guys,1
1st years approximately 6min after submitting their application for business school,-1
Gotta keep an eye out for those unaware first-years üò¨ stay vigilant,-1
"PSA: The new Domino's Pizza student discount code is ""UA40""",-1
First Year Arts Students,-1
How school is going so far,-1
What a shit show this morning,-1
Upvote if you got zero work done during reading week,-1
Dude used up all 64 MB of the servers RAM,-1
I feel attacked,-1
I wait for this moment from the first day of each semester,-1
S H O T S,-1
üòÖüòÖüòÖ That was close,-1
Us next year after everything works out for the best and we panicked about our futures and one semesters gpa for nothing,1
Spotted: Cute girl in Ualberta Computing Science hoodie,1
The devil works hard but some profs work harder,-1
The grass is always greener (but for real I'm gonna go insane),-1
Gone. Reduced to atoms.,-1
Speedy profs are the bombdotcom,-1
Every time I open up eClass to do some homework over the break.,-1
Basically,-1
"Couldn't get on eClass today, so I went on the news to give reddit a shoutout",-1
"I know, i know.. it's not apples to apples, but still..",-1
Let's see what gets cancelled today,-1
I love this province,1
"Stay warm, everybody",1
Accurate,-1
I feel this.....,-1
A very good question,1
Premeds asking the profs questions just to flaunt their knowledge knowing it'll be answered later in the lecture,-1
@ the physics department,-1
but i dont wanna go to zoom school today :(,-1
Just putting it out there,-1
F,-1
How to Squeeze 5.5% More Out of Your Degree at The University of Alberta,-1
I decided to make my own uAlberta ceremony in Animal Crossing! :),1
Is it too soon?,-1
Wanted poster on campus,-1
My standards are progressively getting lowerüëçüèª,-1
Felt like I was in some apocalypse/dystopian movie last nightüëª,1
May you all pass,-1
The Real Cherry on Top,1
*Exam starts*,-1
Aerial view of the empty campus,-1
Professor Kent Rondeau has passed away,-1
Just kidding... I never have my camera on üò≥üòÖ,-1
can i get an f in the chat?,-1
So sad but so true.,1
Fuck you to the racist pricks in PHIL today,-1
Need help finding my brother,1
"Wanting to relax because it's reading week, but also needing to get assignments done",1
Instant comrades,-1
A Brief History of the Ghoul War,-1
UofA Pedway map,-1
What the past week was like,1
However.,-1
"I don't care what the university does at this point. Pass/fail, NC/CR, graded idc. Just for the love of god, please end the semester. I'm tired and scared, it feels like the worlds gone mad and I just want to go home and pet my dog.",-1
I'M FINALLY DONE üò≠,-1
'Tis the season,-1
I think I'm winning,1
I miss campus in the fall,-1
Intelligence 100,1
Cat with a degree,-1
This is me every single day,-1
Ours is better,1
North Campus - with a film aestheticüì∏,-1
Online Classes ruined me,-1
'Tis the Season,-1
Ok so being a fourth year and taking a first year class this semester as an elective had to be the worst decision ever,-1
Congrats on making it to reading week frends! üëè,1
I love having -2 minutes To scramble into the next zoom call,1
"Well folks, it's been a wild ride.",1
UofA students walking through double doors be like,1
Big brain time,-1
üëèCANCELüëèTHEüëèSEMESTER üëè,-1
Would anyone like to join my discord server where we cheat on exams and commit Academic Fraud and Dishonesty?,-1
planner.exe has stopped working...,-1
spam üò°,-1
When your Upass is expired but the bus driver still lets you ride,-1
Break got me like:,1
my only notable talent at this point,1
Easter weekend vibes,-1
I have to watch last week's lectures first,-1
Adopted a cat yesterday instead of writing my essays and studying #ultimateprocrastination,-1
It's even slower now,-1
"Reading week is 9 days away, just keep going",-1
Finally my grades finally came in finally : ),-1
TA appreciation post -My TA is heaven sent,1
this is a strange feeling,-1
Finally something professors and students agree on!,1
We are 2 years into the pandemic & I still see some of y'all not washing your hands after using the washroom..,-1
Be careful guys srsly,-1
It be like that,1
When someone asks what I have planned for reading week,-1
CR/NCR,-1
We as students need to push to follow the University of Toronto's OPTIONAL CR/NCR grades policy,-1
COVID-19,-1
Mood,-1
It be like that sometimes (all the time),1
Except I Can't go Backüòî,-1
cause it's midterm szn,-1
Bought snacks Thursday. Ran out Saturday,-1
When your final is still worth 50% of your grade,1
"if only grad/professional schools could see your guys' empathetic, selfless and considerate characteristics at this moments",1
Part 3,-1
juuust an fyi;),-1
How's my schedule for Fall 2021? I'm going into Y3Q4 engineering,-1
POV: Youre a 1st year on day 3 of the semester. You haven't moved on from your high school days and want everyone to remember that you go to uni,-1
True that,1
"Haha, I'm in danger. *(NCR inbound)",-1
i believe in you!,-1
I'm scared,-1
"I despise every single one of you who refuse to get vaccinated, wear masks, and practice social distancing. You are the reason the pandemic is still interrupting our lives.",-1
"Someone gave me 2 month old Meatball when COVID started, can confirm she is now my best friend and has helped keep me sane with online classes",1
Really does happen every semester,-1
ah yes burnout...,1
"Hey guys! I know all of y'all will do well. If you can do better than this, give yourself a pat on the back.",1
Engineering buildings vs math building,-1
F in the chat guys,-1
Be sure to visit the cemeteries of those who are being forced to utter the SEM-verification death sentence. This phrase is rumoured to have direct correlation to drops in GPAs...,-1
I need to break out of the circle.,-1
This semester should be suspended due to the viral outbreak and not because i didn't do my school work and am too lazy to put in the effort at this point nope no no.,-1
Time to fight the ghouls - ghoul war 2,-1
A very pleasant evening to you all,1
The whole gang is proud of y'all for making it through this semester,1
Tis the truth my lord!,1
We did it bois üòî‚úäüèº,-1
brain says final tomorrow but my heart says semester's over,-1
Have no questions because you don't know enough of the material to question,-1
What a lovely couple touring campus,1
The UofA figuring out what to do during the COVID-19 pandemic,-1
me_irl,-1
I can't believe this was a whole year ago,-1
100+ students will receive an F in Math 100(engineering calculus) @ UBC,-1
These online classes have more assignments,-1
This type of behaviour needs to be fucking destroyed instantly.,-1
Anyone wanna kiss under the banana-toe?,1
I hate it here,-1
They have probably recovered by now,-1
We're almost there!! üíÄ Good luck everyone!,1
priorities,-1
Title,-1
lol,1
Summer ‚Äî Enjoy it while it lasts!,1
To the person who was crying in the 2nd floor micro bathroom in BioSci,-1
üò´,-1
My new favourite spot to sit and contemplate student life #yegrivervalley,-1
See ya academic probation!,-1
ü§ï,-1
Why are we being ignored?,-1
Still missing A mark.,-1
This happens too often,-1
Every semester is like this,1
"But it wouldn't be school w/o it, right???????",-1
Engg be like,1
I have a learning disability and was accused and Sanctioned for academic Dishonesty by the Faculty of Arts,-1
Better late than never ü§™,1
James Farley Appreciation Post,1
laughs in insanity,-1
"Merry Ex-ams to all, and to all a good night!",1
when you refresh the subreddit at 3am and theres no new content,-1
Doing my civic duty,-1
"Congratulations to everybody on finishing up an entire year online! It was hard, but we all got through it. Nobody's got you like you've got yourself üåü",1
Checking r/uAlberta in the morning to see what new crisis happened overnight,-1
The time has come,-1
Final exams and assignments are coming up and I am once again asking,-1
He kinda cute tho UwU,1
Suddenly that time of the year again,-1
"Today, Dr. Jonathan Schaeffer gave his last lecture at the U of A before retirement.",-1
We're screwed ‚úå,-1
Onwards! Finals or bust!,-1
Haha Godspeed fam ü•≤,1
For legal reasons this is a JOKE,1
And so we conclude...,-1
How it really be,-1
thought we had a connection,-1
THE FENCE IS GONE!!!,-1
All we want is for it not to crash,1
How this semester has got me,-1
Are we learning?,-1
I cackled,-1
Today was a very good day!!,1
When you have an upcoming exam the Saturday of Reading Week,-1
"""hahahahahaha, it's not like i'm behind or anything. what gave you that idea?""",-1
Just let me pet you,-1
"My heart goes out to you, recent grads :'(",-1
Mental Health Awareness!,-1
TRUE,1
meta post time,-1
Today on that EAS 210 show:,-1
To the graduates of 2020,-1
Pre-Arts First Year... Is this Manageable??,-1
Things I can get done before bear tracks loads each page:,-1
Quarentine won't be all bad partner,1
When you somehow get caught cheating on a final even in the privacy of your own home,-1
:),1
New CCIS big lecture hall seating plan released by the Faculty of Science,-1
I made a website that quickly generates beartracks schedules,-1
U of A profs after increasing workload and exam difficulty right now,-1
Mr. Incredible finds out about academic fees at the UofA üòî,-1
Me standing outside in the cold waiting for my bus to take me to my mandatory in-person 8AM class that I have to go to for 5 weeks,-1
It's a tradition,-1
"Raid shadow legends is a free to play app with over 20 million downloads already, download today.",1
Guess it's an Alberta thing..,-1
Dank Guide to the Engineering Disciplines at uAlberta,-1
Mute Gang Rise Up,-1
yep it's that time again,1
Stay safe folks,1
When you start yawning 5 minutes into an 80 minute lecture...,-1
My prof knows his audience well,1
Feels Bad Man...,-1
üò¢,-1
Amogus guy picture for those who didn't come to campus,-1
Just handed in my last paper of my undergrad!!!,-1
Dear First Year,1
"If Guba is wearing a mask, so can you",-1
Your exams don't define you!,-1
When profs make the final harder because it's now online,-1
If you are doing this then you are fucking idiot,-1
every time I have to print an assignment in Rutherford,-1
The Hypocrisy is Showing,-1
Finishing my degree with a bang.,-1
"A niche meme I know, but am I wrong?",-1
I didn't realize until this semester how lucky I was to have amazingly organized profs in Fall 2020. I miss them so much! üíî,1
As a teacher the stress of COVID-19 on family members and teaching in a new format cracked me.,-1
What the SUB wall looks like in 2020,1
Shoutout to the profs who refuse to accept the reality of non-proctored home-written exams,-1
Happens for real..,-1
"SUB today, 11:30am. We sure miss seeing you folks! Stay healthy tho",1
happy reading week partners,1
"If I get 60 upboats I will record myself walking every single ""can i make it from x to y in 10 minutes????"" in 10 minutes and post them on a youtube channel",-1
FROM A 1.8 GPA 1ST/2ND YEAR TO 3.7 GPA IN MY FINAL YEAR - DONT GIVE UP YOU GOT THIS!!!,-1
"surprise, there was no final.",-1
KEEP SAFE ÔºÅ,1
"Open letter: Request for mandatory vaccinations and masking, air quality information (ventilation and filtration), & rapid testing to ensure a safe fall return to campus.",1
Presentations are death,-1
The Flash challenges student to a foot race [GRAPHIC],-1
"Busy places, when they're not busy üëª",-1
Me after getting two of my WORST midterm grades ever ;w;,-1
CRTLF GANG RISE UP!,-1
Prayers to Midterm Jesus for a passing grade,-1
really do be like that,1
the sub atm,-1
When you have 2 years-worth of hygiene/sickness paranoia instilled in you and some student starts pulling a Walter White in a public area,-1
The current scenes,-1
Most relatable thing I've seen all year xD,1
"goose wayne - the hero ualberta deserves, but not the one it needs right now",1
"Reading week didn't cut it, I've got absolutely no motivation to do school tomorrow",1
I call this trauma,-1
Is this why I feel jet legged when school ends,-1
Lol Alberta after this election,1
Exams,-1
"To whoever runs the deer lab, your deer is at BioSci.",-1
It really do be like dat,1
How about them Athletics and Recreation fees,-1
today I don't feel like doing anything,-1
Online zoom classes are long enough with out the 25min of ‚Äúis it true that‚Äù questions,1
Toxic Relationship,-1
it just hits different man,-1
Good luck y'all,1
I've still got time... Right..?,-1
Some classes got me feeling this type of way ü§∑üèª‚Äç‚ôÄÔ∏è,-1
When you're running out of time and are only half done the exam,-1
Haven't even caught up from last week,-1
Reading week do be like that,1
Anyone else?,-1
For the love of god,1
cat meme of the day,-1
Shout out to the 50 people who attended the President's Update,-1
It's been 4 days. I'm so tired of this,-1
Saw this on the snapchat map (ualberta). Mans really brought a portable stove to class,-1
Wrote my last ever final today!,-1
Can everyone please not breathe?,1
Just wanted to show appreciation for our real OGs and unsung heroes for our safe and gradual return to campus,1
I wish you all the best on your exams!,1
Its not worth it anymore,-1
I didn't notice...,-1
Thank you for coming to my TED Talk.,1
"Student realises professor wasn't as bad as he thought, after paying attention in recorded classes 1 day before the exam.",1
I hate it here ü§†,-1
How second semester is going rn,-1
ONLY A FEW MORE FORUMS LEFT TO BULLSHIT AND THE SEM WILL BE OVERüòã,-1
Penguins live in Antarctica,-1
Congrats Graduates from the puffy Bear,1
‚ÄòWe will not forget': U of A community remembers the lives lost on Flight PS752,-1
It really be like this,1
Idk who needs to hear this but stop trying to be funny in the zoom chat,1
Waiting for that last CR on Bear Tracks like,1
"Well, well, well, if it isn't the consequences of my own actions",1
Two U of A professors among dead in Tehran plane crash.,-1
0.3 seconds after class ends,-1
Pretending not to be out of shape and dying after walking up three flights of broken escalators in the U of A station,-1
Can't even afford to water our plants down there,-1
Happy 2021 graduation!,1
Watching the class average go up as people drop after the midterm,-1
If I see one more first year complain about a B I'll lose it,-1
I CANT DO THIS ANYMORE,-1
Uni: wrecking my sleep schedule since 2017,-1
The influx of posts about BLM from Canadian uni students is nothing more than virtue signalling CMV,-1
*cries while turning off camera*,-1
üòÇ,-1
International students can anonymously report classes that don't have recorded lecture or have participation marks,-1
Abdgajsbwj HOLY SHIT I'm gonna be riding this high for the rest of my life,-1
happy halloween folks! hopefully midterms this year won't be spooky for you,1
rip to reading week üòî,-1
"Found another one. This time, per someone's request, it went to the recycle bin.",-1
I'm going to miss that resounding applause students give the prof at the end of the last class of the term,1
nothing beats spending weekends doing coursework,-1
Me writing all my finals this semester,-1
Edmonton winters tho,-1
Oops,-1
I made a chrome extension that shower you with confetti when you submit assignments/quizzes.,-1
I've seen some people on here struggling with money to get food so i just wanted to post this.,-1
took a stroll through an empty campus. it was eerie.,-1
Move out emails are getting increasingly aggressive...,-1
The last 5 minutes of the exams are the most important.,1
The 10 minute walk challenge - ACCEPTED.,1
I just dropped a class and bought myself a PS5.,-1
To the nice girl on Whyte Ave that offered to let me hop in her uber with her,1
good to see they're full of life,1
It's been 25 days since I submitted my paper this is a crime,-1
"so, how about that last week stress?",-1
Me: IT LITERALLY WASN'T IN THE RUBRIC THOUGH | TA: I posted it on the forum | The forum:,-1
U of A profs increasing student workload in the midst of a global pandemic like,1
When you have an exam the next day.,-1
people doing the deed in echa,-1
‚ÄúPeNgUiN liVe In AnTaRtiCa‚Äù,-1
y'all ready?,1
Favourite button during asynchronous classes right now,-1
Some of you have to know the difference between expressing valid criticism and being downright rude,-1
my brain is turning to mush,-1
Pretty much every university student,1
The desks keep physiotherapists in business,-1
Smh,-1
Good luck everyone! RIP GPA,1
"UofC. If you upvote this, it will show up on google images when people search uofC, or University of Calgary.",-1
Puss in Boots goes on reading week,-1
"Respectfully, keep it to yourself",1
Stop Shitting on First Years,-1
"Lookin at you, profs üëÄ",-1
"When your prof says I know class is over, but...",-1
"We are at home, that MUST mean we are free all day and have nothing to do!",1
7%,-1
Took about 50 of these down today in Basement & 1st floor Tory!,-1
Managed to land an airplane over HUB,-1
Shots fired,-1
Sleep well my cuties,1
"UPDATE: I distributed 5 microwaves around campus, the rest were taken by people. One is in the Rutherford lounge in HUB. One in Ed. One in Business and then two in humanities (pic). More detailed in comments!",-1
You got your last grade back. It's cloudy outside but you are in your warm blanket with warm food and drink. Life's good.,1
Idk if I want to take an exam here again...,-1
Good luck on your finals everyone! :),1
Don't fall into this trap,-1
eclass is burnt out,-1
First A... ever!,-1
Is it me or do icons feel more outdated :/,-1
pls tell me im not the only one who hasn't been able to get like any work done these past couple of days,1
This is why tuition went up,-1
I GOT 4 SCHOLARSHIPS TOTALLING TO 17.5k CAD!,-1
and so it begins,-1
Prof's with a sense humour,1
How it really is every week.,-1
"Those who are about to fail, i salute you",-1
U of A Student Spotted on LRT this Coming Monday Morning,-1
Two year anniversary coming up :/,-1
We made a Chrome Extension that shows RateMyProf ratings in Beartracks,-1
LRT to HUB stairs,-1
Rich kids lolol,1
10$ to see your own enrollment is crazy,-1
"Profs: ""No devices can be used during the exam"" Also Profs: *Sends email mid-exam to tell us we have more time*",-1
@ the new college configuration formation,-1
God do be blessing me,1
Actual thoughts of people cheating in cmput courses,-1
IMPORTANT DATES FOR WINTER TERM WORTH REMEMBERING,1
When the guy who studies next to you suddenly bursts into laughter then starts packing with actual tears,1
upvote if you definitely failed any of your final exams,-1
monkey do physic. monkey get reward. monkey learn.,1
Just post my the grades already.,-1
"Like it's reading week. Hop off me, apple",1
"""once you're in university you won't be able to cram for exams anymore"", pfff if only my HS teacher could see me now",-1
Autumn vibes on quadüçÇ,-1
i think we can handle it,-1
Tried to find the most relatable pic of Gus,-1
When you're the only one who turned on your camera in a zoom class,-1
When you are trying to do your weekly assignments but don't understand anything in any class so you keep switching between assignments.,-1
mood,-1
Truth,1
It's been MONTHS,-1
Unpopular opinion: Undergrads should be more respectful on research floors,1
Are you kidding me? This is the thickest paper the SU can afford? Wtf.,-1
Fall 2021 registration begins mid-May; all future posts asking when you can register for Fall classes will be removed.,-1
Life is rough man,-1
The SEM proctor seeing the disastrous state of my bedroom after giving up on everything,-1
A solution to those who can't do their labs,1
My heart ü•∫,-1
When u have an open book exam and finally decide to learn the material while you write it,-1
Big Oof,-1
BioSci in a Nutshell,-1
unpopular take: i prefer online,-1
A visual representation of me watching my classes fill up on Beartracks with ‚ú® 6 days left till my enrollment date ‚ú®,-1
A reminder of zoom etiquette,-1
My department has a new address,-1
PSA,-1
Coco wishes you all the best of luck on your final exams!,1
"FOLKS! TMR IS FRIDAY & THE ANNIVERSARY OF THE LAST IN PERSON CLASS!! (on a side note: you're doing great, i'm proud of u)",1
I just really want to go home,-1
Every student currently.,-1
What a turn of events,-1
Me when my performance classes get moved online,-1
Faster walkers unite,-1
When waiting for email notifications just doesn't cut it,1
And the cycle continues..,-1
Watching MIT lecture recordings,-1
When you get pulled over and try giving them your OneCard instead of your license,1
Second years interacting with First years,-1
Finally Passed stats 151 after failing twice and withdrawing twice!!!,-1
Me: I can't wait to get to school on time,-1
üíÄüíÄ,-1
Walking around campus and seeing the prof who single handedly made your previous semester a living hell,-1
"Look into the dots and repeat after me ""the new bear tracks is good. the new bear tracks is great.""",1
Feeling warm and toasty,1
To my professor who sent out a revised syllabus at 11:47 p.m. the day it was due.,-1
we're speaking different languages,-1
Clapping for a class I barely attended..,-1
UofA admin seeing disappointed students after dropping the mask mandate,-1
Made this to avoid studying for my Bio midterm,-1
"Laying my notes in front of me pretending I got my sh*t together, hoping it'll convince me to actually get my act together",1
Bringing my pirated textbook be like,1
No offence to 100 level classes...,-1
"shout out to everyone else taking a spring course, i feel your pain",-1
Life is tough. Have cat.,-1
Let's just give everyone a pass and call it a day,-1
flexing on us broke bois :(,-1
when are they finally gonna leave,-1
Bill Flanagans favourite place to contemplate how he'll use our tuition moneyüòçüíÖüèª‚ú®‚ú®,-1
I got 100% on my Midterm!!,-1
Vaccines required for campus,-1
Bless these profs,1
Anyone else? üò´üò´üò´,-1
Half the people in silent areas,-1
When first years ask fourth years the secret of how to exceed in your classes and enjoy your uni experience,1
final stretch guys!! keep pushing!,-1
They should really move reading week to October,-1
I miss eating cold samosas in CSIS,-1
Here we go again...,-1
Homestretch.,-1
ALES students going to their next class be like,1
yo can we have another reading week,-1
cant wait to walk down the aisle,-1
Making you self conscious every time eye contact is accidentally made,-1
25% rebate secured on the UPass this semester!,1
Shameful behavior on display in my SOC 366 class,-1
it ain't much but it's honest work (help),1
When you don't cheat on the midterm & somehow end up doing better than the rest of the class,1
MCNEILLY ACKNOWLEDGED THAT I DID NOT CHEAT!!!!,-1
Pretty much my life,1
haha second year go brrrrr,1
HAPPY TUESDAY!! I could cry.. my prof was so difficult I thought for sure I was coming out with a B- at best,1
I don't enjoy staring at screens all day chief,-1
"It's ok, we still have 3 days",1
Spotted outside TL. Made my day. Please don't hurt him.,1
Current state of affairs,-1
I went from a 1.8 in 1st year to a 3.88 in my 4th year,-1
I made this instead of studying for my midterms tomorrow,-1
Basically engineering dept,-1
When your bae cares more about ur GPA than you do,1
"‚ÄúI am THISü§è CLOSE to losing it""",-1
Letter grades are so Fetch.,-1
Ready for round 2???,1
I will definitely make the most use of this reading week and catch up on all my courses...,1
Seriously,-1
when the exam is nothing identical to the practice questions fml,-1
Alexa play traitor by Olivia Rodrigo,1
For all the people who got there RTW this year,-1
How I feel after being inside 24/7 since April and not being able to physically interact with ppl at school,-1
When the midterm you didn't study for gets moved next week,-1
It's Saturday,-1
me with 10 minutes left and only half the test finished,-1
Convocation 2020 be like:,1
I don like diz online anxiety,1
When the lrt escalators are broken so you are forced to take the stairs:,-1
"to the girl who let me use her charger in echa tonight, you literally saved my life, thank you",1
Chose to do this instead of hw,-1
The university President makes $500'000 annually,-1
BREAKING: eClass Servers Revealed!,-1
Can we get a priority lane for all the fast walkers,-1
Our life for the next 2 weeks,-1
"No disrespect, just a mimi",-1
Ahh and here we are...,-1
ANTS IN SODA @ EDO HUB MALL,-1
To the couple in Garneau Lounge early afternoon: people can hear you when you talk about them from a meter away.,-1
Pharm students?? Pre-med? Psych? anyone...,-1
"Are the labs slightly disorganized, yes. Are the students also being extremely obnoxious/disrespectful to profs, assistants, and corrdinators. Also yes. I literally cannot tell you how happy I was to see one finally clap back today in the most respectful way possible.",1
Tfw you go to campus as a last ditch effort to get some work done but you end up just sitting there with your laptop open on a blank google doc for 3 hours and then you go home but you still proud of yourself tho bc at least you went to campus,1
this sub,-1
Dare,-1
Not getting your chance to properly ponder the menu? I've got you covered. (Tim Hortons at CAB),-1
To the girl who came into the stall beside me and completely destroyed her asshole:,-1
Coughing in class,-1
New leaked photos of the universities server room,-1
#JustUAlbertaThings,-1
Just @ me next time,-1
I hate computer science.,-1
Kart knocks over light post at HUB entrance,-1
üéäüéâ,-1
How I feel at this point in the semester,-1
"That's cool, I didn't want to pass anyways",1
real depression hours,-1
"I got meta engineering, hbu",-1
When I somehow manage to fail my midterm even when it's CR/NCR,-1
"‚ÄúIt's due so much later, I got lots of time‚Äù",-1
Anyone else ever just...,-1
a little advice,-1
Ok but seriously,-1
"POV, me turning on my camera for my first winter Zoom meeting",-1
"hey man, you got this",-1
Why I ain't signing no petition,1
what a great view from the Department of Physics,1
It's a whole new world out there fam,-1
Pre enrollment meme,-1
Thanks for Everything UofA,1
Hello everyone! Today is the second anniversary of me doing the ECHA to Tory run. A nice memory of when we were able to go on campus.,1
Some uplifting motivation for you people,1
Too relatable,-1
This man is an absolute gem (Dr. Loepelmann),-1
The real reason we are all here...,-1
me after staying in bed all weekend,-1
Please remember to recycle to make my future job as a garbage sorter easier.,1
the getting a job part hit hard @uofaenggmemes,-1
The refresh game is an extremely important university skill,1
Lol. Life comes fast,1
"It's equipped with the latest 4"" RAM and 1080p CPU",-1
When i find my spelling error in my code without the help of the TA:,-1
Profs be like,1
Mandatory fees should be prorated for this term and CANCELLED for spring/summer,-1
When you got a final at 9am and a final at 2pm,-1
Savage and Truth 100,-1
[ Removed by Reddit ],-1
It would be a shame if students showed up to protest...,-1
Dear Tinder Boy,1
Ghouls forced to take mandatory course Personal Hygiene 101,-1
Finally the quiet areas of the library are actually quiet. all it took was a global pandemic to achieve this goal.,-1
TA troubles,-1
Am I crazy or is this almost rude?,-1
Does anyone else feel so screwed,-1
The hard work paid off :'),1
RateMyCourses.io UAlberta,-1
I just hope I passed my exam today,1
0.5 seconds into the Zoom lecture,-1
I am actually over it,-1
Me trying to calculate the grade I need on the final to bring my 30% to a 90%,-1
pls vote,-1
do you guys remember being part of this,-1
Hopefully eclass gets its shit together,-1
Still skips class,-1
Word,-1
Online lectures are just great aren't they,1
Strange experience in a Hub washroom.,-1
Always,-1
"They really just want to rub it in our faces, huh.",-1
"Be so careful - take care of yourselves, and others. Sh!t got real today",1
A bat in hub mall,-1
Reading Week is no different from Online Uni,-1
When your already rethinking your life and then realize school starts again next week,-1
A Great Reward for a Great Semester! Hard Work Does Pay Off!,1
I'm officially done with this semester. Gimme my NCR. I'm leaving.,-1
It do be like that sometimes,1
When you can't focus on the lecture because everyone keeps spamming the chat,-1
Faculty of English hopes we had a good ~brake~ü§£,1
Why did they not beef up the servers BEFORE EXAMS?,-1
The dream.,1
Oof,-1
Surprised I haven't seen this posted yet. Credit to add u/Sebas0511 saw him comment this on another post.,1
Here we go again,-1
:/,-1
feeling unsafe on transit,-1
stop packing up when prof hasn't even finished pls,-1
I finished an assignment 5 days in advance.. this never happens!,-1
Genet 270. Then the university has the AUDACITY to say they are here to ‚Äòsupport us and our mental health during this time'. If you were wondering the average for the midterms + final were in the high 50's...,-1
"But yes, that 50% final exam still makes sense ü§°",1
My SU president ü•∞ü•∞ü•∞,-1
When midterms are next week and you don't know shit,1
rip gpa,-1
Week of Welcome cult escapist,1
Plz tell me how brave I am,1
my schedule looks like a heart,1
Lmao GUBA got destroyed,-1
Am I the only one who doesn't really want to go in-person this late into the semester.,-1
"Merry Xmas to all, from Chip!",1
This point in the semester,-1
Wow our university has a weird way of congratulating graduates.,1
My Prof's Rules For Video Chats,-1
Petition to pay Khan Academy Tavid Durpin's salary,-1
"Win or lose, we booze",1
To the TA who ends up marking my final,-1
"""Its my lunch bag""",-1
First 10 minutes of the MATE 202 Midterm,-1
Sai Yiu says f*ck you,-1
Some cool old photos of the university!,1
Not even Patches can catch a break,-1
How I imagine my gpa glow up Fall 2021 vs Winter 2022,-1
Aurora from campus at 2 AM,-1
anxiety and pain,-1
Does anyone's cat sleep in their school bag like this?,1
Aaaaaaaaaahhhh!,-1
"When the prof says ""get the notes from one of your classmates""",-1
Midterm Season be like,1
Among Us costume in CCIS,-1
"please don't mind me, I'm trying my best ._.",1
Open Letter to All Studentsüíï,-1
I am not sure if I've lost all hope yet,-1
aRE yOu tALKinG?,-1
"As an effort to prevent the spreading of germs, me and my textbooks have decided that we would stop touching each other 2 month ago.",-1
Thank you r/ualberta,1
Old but gold,-1
i made it today!!!,-1
Y'all start using socks or something smh,-1
"FREEDOM NO MORE: Display of profound photos from Hong Kong, in SUB this weekend.",1
To the girl wearing a beige hoodie and vest in CAB this morning...,-1
Not exactly what I had in mind,-1
How I'm feeling 3 weeks into the semester,-1
The best way to meet people this semester,1
Shot of the campus in the newest Microsoft Flight Sim,-1
First year students 10 minutes before the class ends,-1
Grading system changes: Exploration Credits are now University policy!,1
I miss going to the library,-1
Straight facts tho,1
Operation: Cowboy Hat on CCIS Dinosaur,-1
What the curve is gonna look like with y'all cheating on examlock,-1
I finally accomplished today!,1
:33,-1
Stolen,-1
Open for luck dudes,1
when you finish bombing an exam and go to hub to forget about your declining grades and decide that you deserve to treat yourself to just a lil snack bc you've worked so hard but it isn't paying off but you need sumthin to get you through the day even though you have no money but food helps the pain,-1
Who else got that October depression looming in?,-1
That's a long hiatus to get that degree though,-1
Just went outside and......,-1
University for me,-1
Jokes on you guys I've been self isolating since I started University,1
"sask kids when the prof says ""you learned this in bio/chem/phys 20""",-1
Anything to pass,-1
Campus is beautiful at night,1
I wish everyone all the best for this semester üòäüíú,1
To the guy crying during the chem 105 final today,-1
Fall semester vs Winter. Ive failed 4 classes in total and these are my first A/A+'s. IM SO HAPPY!!!!,-1
In an open book exam too...,-1
Lopelmann's deferred final is optional!! Praise be to the psychology overlords!!,1
Examlock after you flag 1 question,-1
kids going back to school in the fall,-1
A meme from 2021 :,-1
Oh.,-1
When you find the scumbag who's been preventing you from studying,-1
A message for all naive first years,-1
Just dropped down 2 letter grades from a final. Life is great!,1
"That's only four things - this really helped me put my crazy schedule in perspective this morning - I know some of you could use some too. This time of year is insanely stress-inducing, but we got this!",-1
Danger birbs seen on campus,-1
If your name is Patrick and you have a date for valentines,-1
Me on campus for the first time in 2 years,-1
And now we wait,-1
My resume after covid,-1
the real daily grind,-1
"Jokes aside... do your part, wear your mask properly",1
I'm struggling hard,-1
Just curious can we do this pleaseüòÖüòÇ,1
Still on that exam life,-1
"I beg for people to try and be understanding. This isn't an official message, obviously, but just my own personal experience.",-1
university professors sending out emails emphasizing that the closure is temporary,-1
Me looking at the green digital clocks during an exam,-1
sidewalk babies outside lrt,-1
To the people who intervened on the LRT yesterday,-1
Seriously why do we need 2 midterms in one course?,-1
UofT Mandates vaccines for students and staff,-1
"Please, call me 007",1
Glad to see us in the top of a list,1
Fall 2020 Finals be like,1
s/o to all my comrades,-1
oh... okay cool?,1
Mood.,-1
Hope everyone had a good first week,1
I can't do this anymore,-1
When that 1 kid in lecture will NOT. Stop. Asking. Questions.,1
Hogwarts Of The North‚Ñ¢,-1
Smart class dumb me,-1
"UAlberta's Scott's Tots (""Flanagan's Shenanigans""?)",-1
During this break consider your positions,-1
Fall 2020 in a nutshell,-1
Ahahaha one of my favourite posts of all time. Hope he made it in the end if it's true,1
Sorry y'all,-1
for anyone stressing about their gpa,-1
One more and I'm free,1
Lemme study plz,-1
Gift for new year: a 4.0 semester,1
My heart can't take this anymore,-1
the USRI's we're not enough ü§ß,-1
Kenney blaming the south Asian population for alberta's Covid spikes because ‚Äúits part of their culture to host very large family gatherings‚Äù but completely avoids mentioning both the Calgary and Red Deer protests which drew in 100's of rural Albertans to protest masks,-1
Guys my ass needs that 3ply so plz stop,-1
Bear tracks is a nonstop nostalgia trip to a 2003 chat site,-1
DoNt sTeP oN ThE LiNe,-1
LPT: Wear the same outfit two days in a row.,-1
RIP to the besties who have 2 exams in one day,-1
I finally rest and watch the sunrise on a great full universe üòå,1
Immunocompromised Student,-1
Grow up‚Ä¶ Future engineers right here,-1
Sus Astro Lecture,-1
@ Bill Flanagan,-1
Seeing my midterm marks trickle in during reading week,-1
"Hey science students, geek out with me a little: Voyager 1 just reached 14 Billion miles from Earth tonight.",-1
I got another one as I made this,-1
üòê,-1
We need to be able to opt-out of this,-1
School starts on Tuesday...,-1
Dodgeball world record attempt coming up in 20 minutes!,-1
Petition for longer winter break,-1
Pretty much every university student,1
To whoever runs the -fyiuofa email account,-1
"Be like bob, I beg you, Because I need some chocolate for gods sake move PLEASE!",1
Wifi situation at U of A (fixed),-1
Ya girl just found out she got cheated on 2 days before Valentine's day :( been together for almost 4 years,-1
they fancy,-1
When you finish your undergrad and immediately enroll in a Masters program,-1
We're gonna make it,-1
On the steps of the Faculty of Native Studies.,-1
"PSA for all 1st, 2nd and people who have never been on campus",-1
Y'all I didn't even get a chance to meet my future boyfriend...,-1
This was by far the hardest semester I've ever taken. Just got my last grade back and let out a huge sigh of relief.,1
I'm still in shock but I was finally able to get a 4.0 in my degree (even if it's just for one semester)!,-1
Sorry I'm so bad at editing.,-1
eclass when the 3 dollars invested in the servers sets on fire,-1
ENGG 404 Report,-1
üíö,-1
Good luck everyone :),1
Nothing else to add.,-1
"See you next year serotonin, for now a ssri will have to do",-1
:|,-1
Relatable,-1
UofA really turned into a winter wonderland overnight‚ùÑÔ∏è,-1
Ashamed of this institution,-1
i cant focus,-1
Why The Pass/Fail System May Be Necessary: The Pandemic's Problem,-1
I'm out of shape please anything but the stairs,-1
When you vote for a guy who only has a high school diploma to fix your economy,-1
Update: lost peanut jellycat,-1
Done With School,-1
pick one dammit,-1
You're gonna look at me and tell me that I'm wrong?,-1
Me trying to look productive...,-1
"Seeing the words ""CR/NC"" again on this sub",-1
Accidentally wasted a whole week on purpose,-1
Big opps to our professors this year,-1
at this point in the semester it is safe to say that i have given up,1
Pinky Promise?,1
"""All in a hard day's work, I deserve a break right about now""",-1
Wait a minute...,-1
We now have proof,-1
A meme to commemorate the end of my Midterm Szn,-1
üò≠üò≠üò≠ I'm burnt out,-1
:3,1
Saw this cutie at cab today I'm a little awkward to approach her wish me luck,1
If you know you know,-1
After Failing to Set Worlds Largest Dodgeball Game Record UASU Council Votes to Construct 1 Million Dollar ‚ÄúWorlds Largest Dodgeball‚Äù Made Out of Recycled Student Tim Hortons Cups,-1
Clown college irl,-1
had to change the meme for better accuracy...,1
"Took a visit to campus yesterday, it's crazy walking around when it's empty! Here's everyone's favourite CCIS Dino. Did they name this thing yet?",-1
it could be vice versa though,-1
Finished my MEd! So happy to be done! This July is going to be aaamazing!,1
Summer jobs then vs now,-1
I'm on my way to success,1
Even profs jump at the opportunity to roast pre-meds,1
üì∏üì∏,-1
Jason Kenney announces increase to post-secondary education funding (2019),1
It's that time of year again,-1
When the prof doesn't give u a practice exam so u look at ones from other unis and u find out the exams they do at CAMBRIDGE are easier than the shit u do at this bumass university,-1
"When you fuck up on a midterm, and find out your mark is going to be curved down",-1
Remedy Cafe is coming to BioSci/CCIS!!,-1
Saw some dude teaching an older student how to dab in the Chem wing today lmao,1
It's practically a guest celebrity appearance in there,-1
Why do I feel like I've lived through this before,1
Good luck tmr y'all,1
Last final this Friday & then first class for Spring on Monday:,-1
Lambda...that's all,-1
Me in my group project,-1
Oof,-1
Exactly!!!,-1
Take a sip babes. üê∏‚òïÔ∏è,-1
When your mom calls you by your full name,-1
Finally I can stuff my face in peace,1
Submitted the most abominable thing I've ever written in my academic career with 30 seconds to spare,-1
international students are now being advised against studying at alberta universities,-1
The new beartracks is terrible,-1
I want to give everything up and join a monastery in the Himalayas,1
Things I would rather spend $177.28 on in my Winter 2021 co-op term than the Academic Support Fee,1
F in chat,-1
When someone asks me where there's free parking on campus,1
Lets get that CR bois,-1
‚ÄúHey do you guys wanna see my dog?!!!!??!?!‚Äù,-1
sorry lol,1
What did that poor delivery guy do to deserve this punishment ü•∫,-1
I can't be the only one,-1
We're almost at the end partners,-1
Anyone else feel like they do jack shit all day and don't show up to any of their classes so reading week is just another week to them?,-1
My professor sent an graduation e-card üòäüòä,-1
I like profs who upload your grades on eClass so you don't have to keep guessing where you are in the grading scale. Why are some profs too lazy to upload students' marks onto eClass so they know how good or bad they're doing in the class?,-1
Students will get $1250/month,-1
A mf mood,-1
eClassüëèneedsüëèaüëèdarküëèmode,-1
And What Did it Cost? Everything,-1
You've got my vote,-1
Story of my university experience... (credit to u/Yejus),-1
Petition To Change The Upvote/Downvote,-1
Study buddy in Cameron,-1
chatgpt confirmed.,-1
Just so everyone knows!,-1
This man is my idol,-1
"ALES really has shooters out here, if I go missing yall know why",-1
this semester is eating my ass,-1
Reminder: You can get Microsoft office free through the university,1
Good ol zoom university,1
/r/ualberta Starter Pack,-1
I admit it's starting to get to me,1
MATH 300 boys where you at.,-1
It's that time of year again folks ‚ù§Ô∏è,-1
what if we made eye contact in the reflection of the lrt window and didn't look away...,-1
First years seeing their marks after high school,-1
honestly pain (not op),-1
"Just FYI Not sure if this has been posted yet, but just saw this on the Outbreak list",-1
Story of my life,-1
Math 209 is a vibe check,-1
I'm gonna cry ü•∫,-1
Happy October watch out for midterms and assignments they are here or they are coming. Write down the dates,1
"Next steps are to drop the class, move to Timbuktu, and live in isolation for rest of eternity",-1
Online classes pretty much,1
"HUB Mall, UofA sketch",-1
In the lab I just write the numbers down; interpreting it is a problem for later-me,-1
Reminder: beware of the stairs.,-1
Update: The perfume to seduce engg girls worked,-1
I'm downvoting all your schedules,-1
A high GPA means nothing if you're not alive to reap the benefits.,-1
Congrats if you're done finals!,1
